-- --------------------------------------------------------
-- Host:                         127.0.0.1
-- Versión del servidor:         8.0.35 - MySQL Community Server - GPL
-- SO del servidor:              Win64
-- HeidiSQL Versión:             12.6.0.6765
-- --------------------------------------------------------

/*!40101 SET @OLD_CHARACTER_SET_CLIENT=@@CHARACTER_SET_CLIENT */;
/*!40101 SET NAMES utf8 */;
/*!50503 SET NAMES utf8mb4 */;
/*!40103 SET @OLD_TIME_ZONE=@@TIME_ZONE */;
/*!40103 SET TIME_ZONE='+00:00' */;
/*!40014 SET @OLD_FOREIGN_KEY_CHECKS=@@FOREIGN_KEY_CHECKS, FOREIGN_KEY_CHECKS=0 */;
/*!40101 SET @OLD_SQL_MODE=@@SQL_MODE, SQL_MODE='NO_AUTO_VALUE_ON_ZERO' */;
/*!40111 SET @OLD_SQL_NOTES=@@SQL_NOTES, SQL_NOTES=0 */;

-- Volcando datos para la tabla jupiter.autor: ~47 rows (aproximadamente)
INSERT INTO `autor` (`id_autor`, `apellido1`, `apellido2`, `nombre`) VALUES
	(1, 'Chaparro', NULL, 'Carme'),
	(2, 'M', NULL, 'Ana'),
	(3, 'Cebrian', NULL, 'Fernandez '),
	(4, 'Mahurin', NULL, 'Shelby '),
	(5, 'Ryan', NULL, 'Anthony '),
	(6, 'Sisi', NULL, 'Carlos '),
	(7, 'Liu', NULL, 'Cixin'),
	(8, 'Haig', NULL, 'Matt '),
	(9, 'Glukhovsky', NULL, 'Dmitry '),
	(10, 'Bowen', NULL, 'Marjorie '),
	(13, 'Phillips ', 'Lovecraft', 'Howard '),
	(14, 'Kathleen', 'Rowling', 'Joanne '),
	(15, 'Guanzon', NULL, 'Thea '),
	(16, 'Martinez', NULL, ' Iscander '),
	(17, 'Mo', NULL, 'Xiang Tong Xiu '),
	(18, '-', NULL, ' The Speaking Pork Trotter'),
	(19, ' 젤', NULL, '리포'),
	(20, '-', NULL, ' Flying Bear Rider'),
	(21, '-', NULL, ' sky blue sheep'),
	(22, '-', NULL, ' 木瓜大师'),
	(23, 'Xue ', NULL, ' Yan Tian Zhao'),
	(24, '-', '', ' 짜빈동귀신'),
	(25, '슬', NULL, '리버'),
	(26, 'Kei ', NULL, 'Sazane'),
	(27, 'ZDARSKY', NULL, 'CHIP '),
	(28, 'Johns', NULL, 'Geoff '),
	(29, 'Moore', NULL, 'Alan '),
	(30, '-', NULL, 'First Prize Lottery'),
	(31, 'Rifujin ', NULL, 'na Magonote'),
	(32, 'Kōsuke ', NULL, 'Kurose'),
	(33, 'Shōtarō ', NULL, 'Tokunō'),
	(34, 'Satoshi ', NULL, 'Ōshio'),
	(35, '추', NULL, '공 '),
	(36, 'Eiichirō ', NULL, 'Oda'),
	(37, 'Masashi', NULL, 'Kishimoto'),
	(38, 'Akira ', NULL, 'Toriyama'),
	(39, 'Gege', NULL, 'Akutami'),
	(40, 'Akatsuki', NULL, 'Natsume'),
	(41, '싱', NULL, '숑'),
	(42, '-', NULL, 'Fuse'),
	(43, '-', NULL, 'Mad Snail'),
	(44, 'Daisuke', NULL, 'Aizawa'),
	(45, '/', NULL, '阅动文化'),
	(46, ' Gotōge', NULL, 'Koyoharu'),
	(47, '-', NULL, '昕博承飞 '),
	(48, '.', NULL, 'Star club'),
	(49, '-', NULL, 'One');

-- Volcando datos para la tabla jupiter.autor_seq: ~1 rows (aproximadamente)
INSERT INTO `autor_seq` (`next_val`) VALUES
	(50);

-- Volcando datos para la tabla jupiter.comic: ~25 rows (aproximadamente)
INSERT INTO `comic` (`id_comic`, `ano_publicacion`, `idioma`, `portada`, `sinopsis`, `titulo`, `id_editorial`, `tipo`) VALUES
	(1, 2018, 'Japonés', 'http://localhost:8080/media/comic/comic-Kimi_to_Boku_no_Saigo_no_Senj%C5%8D,_Arui_wa_Sekai_ga_Hajimaru_Seisen-Manga-2018.webp', 'El Imperio, una nación de maquinaria avanzada y ciencia. La Agencia de la Casa Real de Nebulis, una tierra temida como "el país de las brujas/os". En medio de la larga e interminable guerra, entre los dos, el niño y la niña se encuentran. La bruja de hielo reverenciada como la más fuerte: Princesa Aliceliese El joven espadachín que se encuentra entre las mayores fuerzas del Imperio: Iska Los dos se encuentran como enemigos en guerra. Sin embargo, así como el niño está encantado con la belleza y la nobleza de la niña, la chica se siente atraída por la fuerza y el estilo de vida del niño. La cooperación es imposible, y el único camino hacia adelante es a través del otro, sin embargo...\n\n', 'Kimi to Boku no Saigo no Senjō, Arui wa Sekai ga Hajimaru Seisen', 16, 'Manga'),
	(2, 2023, 'Inglés', 'http://localhost:8080/media/comic/comic-BATMAN_VOL._2__THE_BAT-MAN_OF_GOTHAM_(English_Edition)-C%C3%B3mics%20Americano-2023.webp', 'Following his battle with Failsafe, the Dark Knight is transported to a darker, more hopeless Gotham City that never had a Batman and instead has…the Red Mask, brutalizing the population with his army of monsters, including Harvey Dent and Killer Croc. Batman will face the most grueling test yet: fighting a true one-man war to save his city! Collects issues #131-135\n', 'BATMAN VOL. 2: THE BAT-MAN OF GOTHAM (English Edition)', 17, 'Cómics Americano'),
	(3, 2022, 'Inglés', 'http://localhost:8080/media/comic/comic-Flashpoint_Beyond_(2022)_%231_(English_Edition)-C%C3%B3mics%20Americano-2022.webp', 'Batman’s hunt for the Clockwork Killer brings him to Europe and face to face with the mad king, Aquaman. On the eve of Aquaman’s sinking of London, Batman infiltrates his stronghold and goes on the warpath for answers. Nothing matters to Batman, whose world is already dead, but if he can track down the Clockwork Killer, Thomas can save his son’s world and put everything back together again.\n', 'Flashpoint Beyond (2022) #1 (English Edition)', 17, 'Cómics Americano'),
	(4, 2019, 'Inglés', 'http://localhost:8080/media/comic/comic-Batman_the_Killing_Joke__The_Deluxe_Edition-C%C3%B3mics%20Americano-2019.webp', 'Critically acclaimed author Alan Moore redefined graphic novel story-telling with Watchmen and V for Vendetta. In Batman: The Killing Joke, he takes on the origin of comics\' greatest super-villain, The Joker, and changes Batman\'s world forever.\n\nONE BAD DAY.\n\nAccording to the grinning engine of madness and mayhem known as the Joker, that\'s all that separates the sane from the psychotic. Freed once again from the confines of Arkham Asylum, he\'s out to prove his deranged point. And he\'s going to use Gotham City\'s top cop, Commissioner Jim Gordon, and his brilliant and beautiful daughter Barbara to do it.\n\nNow Batman must race to stop his archnemesis before his reign of terror claims two of the Dark Knight\'s closest friends. Can he finally put an end to the cycle of bloodlust and lunacy that links these two iconic foes before it leads to its fatal conclusion? And as the horrifying origin of the Clown Prince of Crime is finally revealed, will the thin line that separates Batman\'s nobility and the Joker\'s insanity snap once and for all?\n\nLegendary writer Alan Moore redefined the superhero with Watchmen and V For Vendetta. In Batman: The Killing Joke, he takes on the origin of comics\' greatest super-villain, the Joker--and changes Batman\'s world forever.\n\nStunningly illustrated, Batman: The Killing Joke The Deluxe Edition has been lushly recolored by artist Brian Bolland, presenting his original vision of this modern classic.\n\nThis new edition includes Batman: The Killing Joke and stories from Batman: Black and White #4 and Countdown #31, along with numerous Batman and Joker covers and sketches by Brian Bolland, including artwork only previously published in the Absolute edition!', 'Batman the Killing Joke: The Deluxe Edition', 17, 'Cómics Americano'),
	(5, 2022, 'Coreano', 'http://localhost:8080/media/comic/comic-The_Newbie_Is_Too_Strong-Manhwa-2022.webp', 'JaeJu (which means “skill” in Korean) grew up without parents in an orphanage skillfully, just like his name suggests. One day, he heard that the orphanage was having a hard time and would have to close in 3 years. While trying to raise money for the orphanage, JaeJu got an alert on his phone. On it, he saw a video of himself climbing the tower as a BJ (broadcasting jockey aka streamer). Seven years ago, a tower suddenly appeared and randomly took people into it. If you successfully complete the tower and become an “Awakened”, it’s only a matter of time before you get rich!\n\n', 'The Newbie Is Too Strong', 12, 'Manhwa'),
	(6, 2014, 'Japonés', 'http://localhost:8080/media/comic/comic--Manga-2014.webp', 'La historia trata sobre un muchacho que se encierra en su casa tras sufrir una enorme humillación pública sin atreverse a salir durante varios años debido a los traumas que esto le ocasionó. Incapaz de soportar esto, se encerró en casa sin querer salir ni volver a ver a sus compañeros y durante años el miedo a salir creció y creció, acabando por convertirse en una carga para su familia… hasta el día en que sus padres murieron y sus hermanos lo expulsaron de su hogar por el parásito en el que se había convertido. En ese momento, aunque tarde, se arrepintió de su actitud y se puso a pensar que su vida podría haber sido decente si él le hubiera puesto más esfuerzo. Justo cuando estaba a punto de iniciar su nuevo cambio, ve un camión en movimiento a gran velocidad dirigiéndose a tres estudiantes de secundaria. Reuniendo todas las fuerzas que tenía logra salvarlos, pero a cambio él termina siendo atropellado por el camión, muriendo al instante. Cuando abrió los ojos, él había reencarnado en un mundo de espadas y magia como Rudeus Greyrat. Nacido en este nuevo mundo, con una nueva vida, Rudeus decidió que, “Esta vez, realmente voy a vivir mi vida al máximo sin arrepentimientos”. De este modo se inicia el viaje de un hombre que anhela reiniciar su vida.\n\n', 'Mushoku Tensei: Isekai Ittara Honki Dasu', 18, 'Manga'),
	(7, 2016, 'Japonés', 'http://localhost:8080/media/comic/comic-Goblin_Slayer-Manga-2016.webp', 'Una joven sacerdotisa ha formado su primer grupo de aventureros, pero casi inmediatamente ellos se encuentran en apuros por los goblins. Es el Goblin Slayer quien viene a su rescate - un hombre que ha dedicado su vida a la exterminación de todos los goblins, bajo por cualquier medio necesario.\n\n', 'Goblin Slayer', 19, 'Manga'),
	(8, 2013, 'Japonés', 'http://localhost:8080/media/comic/comic-New_Game!-Manga-2013.webp', 'Sigue a Aoba Suzukaze, de seguir a Aoba Suzukaze, una graduada de la escuela secundaria con la particularidad de que la confunden con una estudiante de secundaria. Esto se debe no solo a que se une a la compañía de juegos que produjo su juego favorito como artista, sino también a sus lindas payasadas\n\n', 'New Game!', 21, 'Manga'),
	(9, 2014, 'Japonés', 'http://localhost:8080/media/comic/comic-Overlord-Manga-0.webp', 'La historia comienza con Yggdrasil, un juego en línea popular que se cerró discretamente en su último día. Nuestro protagonista Momonga decidió quedarse hasta el último momento en su querido juego y esperar a que se saliera. Inesperadamente, el servidor no se cerró y Momonga se ha quedado atascado en su cuerpo esqueleto y fue transferido a otro mundo. "El poderoso Overlord" Al no tener padres, amigos, o un lugar en la sociedad, este hombre ordinario se esfuerza por hacerse cargo del nuevo mundo.\n\n', 'Overlord', 22, 'Manga'),
	(10, 2017, 'Coreano', 'http://localhost:8080/media/comic/comic-Solo_Leveling-Manhwa-2017.webp', 'Hace 10 años, después de que "La Puerta" que conectaba el mundo real con el mundo de los monstruos se abriera, algunas de las personas recibieron el poder de cazar los monstruos que vivían al otro lado de esta. Se les conoce como "cazadores". Sin embargo, no todos los cazadores son poderosos. Sung Jin-Woo, un cazador de rango E, es alguien que tiene que arriesgar su vida en humildes calabozos, lo llaman el "más débil del mundo". Al no tener habilidades para mostrar, apenas gana dinero luchando en mazmorras de bajo nivel... Al menos hasta que se encontro con una mazmorra oculta durante una incursión. Luego de estar en el borde de la muerte,Sung Jin-Woo tiene un "Segundo Despertar" y con este consigue un poder invaluable.\n\n', 'Solo Leveling', 23, 'Manhwa'),
	(11, 1997, 'Japonés', 'http://localhost:8080/media/comic/comic-One_Piece-Manga-1997.webp', 'Hace veintidós años, el legendario pirata, Gold Roger fue ejecutado. Sus últimas palabras fueron que su tesoro conocido como "One Piece" estaba escondido en algún lugar dentro del vasto océano conocido como el "Grand Line" (Gran Ruta Marítima). Esto dio inicio a la Era de los Piratas. Ahora, se nos presenta a Monkey D. Luffy, un joven que, inspirado por su ídolo de la infancia emprende su viaje en busca del One Piece, con el objetivo de convertirse en el Rey de los Piratas.\n\n', 'One Piece', 24, 'Manga'),
	(12, 1999, 'Japonés', 'http://localhost:8080/media/comic/comic-Naruto-Manga-1999.webp', 'Narra la historia de un ninja adolescente llamado Naruto Uzumaki, cuyos padres murieron en el ataque del Zorro Demonio de Nueve Colas llamado Kurama y quien aspira a convertirse en Hokage (líder de su aldea), con el propósito de ser reconocido como alguien importante dentro de la aldea y entre sus compañeros.', 'Naruto', 24, 'Manga'),
	(13, 1984, 'Japonés', 'http://localhost:8080/media/comic/comic-Dragon_Ball-Manga-1984.webp', 'Son Goku, es un niño muy especial que ha tenido que valerse por sí mismo en medio de la naturaleza y sin contacto con otras personas. Un día conoció a Bulma, una chica que busca las siete Esferas del Dragón, estos son elementos mágicos que al ser reunidos invocan a un dios dragón llamado Shenlong, el cual concederá un único deseo, cualquiera que este sea. Goku se une a Bulma en la búsqueda de las esferas sin imaginar que hay otros seres muy peligrosos que también las desean.\n\n', 'Dragon Ball', 24, 'Manga'),
	(14, 2015, 'Japonés', 'http://localhost:8080/media/comic/comic-Dragon_Ball_Super_-Manga-2015.webp', 'Secuela de Dragon Ball Z que toma lugar después de la saga de Buu y antes de "El Final de Z", en donde Goku y compañía se ven envueltos en nuevas aventuras tras conocer al Dios de la Destrucción Bills y su compañero Whis.\n\n', 'Dragon Ball Super ', 24, 'Manga'),
	(15, 2018, 'Japonés', 'http://localhost:8080/media/comic/comic-Jujutsu_Kaisen-Manga-2018.webp', 'Yuji Itadori es un estudiante con una increíble fuerza física pero no tiene ningún interés en los deportes y prefiere ser parte del club de ocultismo. Un día, espíritu maligno real aparece en la escuela y cambia la vida de Yuji para siempre.\n\n', 'Jujutsu Kaisen', 24, 'Manga'),
	(16, 2014, 'Japonés', 'http://localhost:8080/media/comic/comic-Kono_Subarashii_Sekai_ni_Shukufuku_wo!-Manga-2014.webp', 'La vida de Satou Kazuma, un hikikomori al cual le gusta los videojuegos, termina de forma abrupta debido a un accidente de tráfico... o eso se suponía, pero cuando despierta, una hermosa chica la cual se hace llamar a sí misma "Diosa" apareció frente a sus ojos, "hey, tengo algo lindo para ti, ¿quieres ir a otro mundo?, solo puedes llevar una cosa de tu elección contigo"... "entonces te llevare", a partir de aquí, la gran aventura de subyugar al rey demonio empezará para el reencarnado Kazuma... o eso es lo que uno pensaría, !pero es la tarea de conseguir alimento, ropa y albergue la que empieza!, a pesar de que Kazuma quería vivir en paz, la diosa continua causándole problemas uno tras otro, y eventualmente, !atraerán la atención del ejercito del Rey Demonio!\n\n', 'Kono Subarashii Sekai ni Shukufuku wo!', 25, 'Manga'),
	(17, 2022, 'Coreano', 'http://localhost:8080/media/comic/comic-The_World_After_The_End-Manhwa-2022.webp', 'An original story, brought to you by the author of <Omniscient Reader’s Viewpoint>, Author Sing-Shong. This is about a man who didn’t regress when everyone else returned back to the past.\n\nHumans were suddenly summoned to become “Walkers”, and they needed to clear the tower to save the world. . . Floor 77: The “Stone of Regression” was discovered.\n\nWalkers could now “return” to the past. Slowly, everyone left. . . Humanity’s last hope, “Carpe Diem”, was formed, made up of people who refused to abandon the world. . . The last Walker reached floor 100.\n\nHe no longer knew what to believe.', 'The World After The End', 26, 'Manhwa'),
	(18, 2015, 'Japonés', 'http://localhost:8080/media/comic/comic-Tensei_Shitara_Suraimu_Datta_Ken-Manga-2015.webp', 'Un hombre, que al tratar de salvar a su compañero de trabajo y su novia, fue apuñalado por un ladrón que escapaba. Mientras moría desangrado escuchó una voz extraña. Esta voz escuchó su lamento de haber muerto virgen y a causa de eso le dio la Habilidad Única "Gran Sabio" ¿Fue esto una burla? Ahora él ha reencarnado como un Slime en otro mundo, ¿Será este el inicio de una emocionante aventura?\n\n', 'Tensei Shitara Suraimu Datta Ken', 27, 'Manga'),
	(19, 2015, 'Chino', 'http://localhost:8080/media/comic/comic-Tales_Of_Demons_And_Gods-Manhua-2015.webp', 'Nie Li, one of the strongest Demon Spiritist in his past life standing at the pinnacle of the martial world , however he lost his life during the battle with Sage Emperor and the six deity ranked beast, his soul was then reborn back in time back to when he is still 13. Although he’s the weakest in his class with the lowest talent at only Red soul realm, with the aid of the vast knowledge which he accumulated in his previous life, he trained faster then anyone. Trying to protect the city which in the coming future was being assaulted by beast and ended up being destroyed as well as protecting his lover, friends and family who died by the beast assault. and to destroy the Sacred family whom abandon their duty and betrayed the city in his past life.\n\n', 'Tales Of Demons And Gods', 12, 'Manhua'),
	(20, 2018, 'Japonés', 'http://localhost:8080/media/comic/comic-Kage_no_Jitsuryokusha_ni_Naritakute!-Manga-2018.webp', 'Tal cual como todos adoraban héroes en su niñez, cierto adolescente adoraba los poderes que se esconden en las sombras. Tras haber ocultado su fuerza y viviendo la vida mediocre de un mob durante el día y entrenando descontroladamente por la noche, él finalmente reencarna en un mundo diferente y gana el poder definitivo. El adolescente que solo juega a ser una eminencia en las sombras, sus subordinados confusos, y una gigante organización en las sombras que es pisoteada... Esta es la historia de un adolescente que adoraba esos poderes en las sombras y que posiblemente llegue a reinar en las sombras de otro mundo.', 'Kage no Jitsuryokusha ni Naritakute!', 22, 'Manga'),
	(21, 2015, 'Chino', 'http://localhost:8080/media/comic/comic-Versatile_Mage-Manhua-2015.webp', 'Mo Fan is a mediocre middle school boy. Not much ambition, living in a middle-class house, a hardworking father with just enough earnings to keep them afloat, Mo fan is just letting his life slip by.\nHis only solace is seeing old Man Ying at his house, located away from the hustle and bustle of the city. Unfortunately, Man Ying\'s time has come to pass but leaves Mo Fan a pendant to keep. That night, Mo Fan wears it sleep and to his surprise, wakes up in a slightly different-looking neighborhood. It seems Mo Fan has travelled to a parallel universe, where his neighborhood is still the same, but magic and magicians are the norm. With a new slate, Mo Fan wants to learn the magic arts and hopefully lead a better life in this new dimension. But first, he has to pick back up his mediocre school performance.', 'Versatile Mage', 12, 'Manhua'),
	(22, 2016, 'Japonés', 'http://localhost:8080/media/comic/comic-Kimetsu_no_Yaiba-Manga-2016.webp', 'Tanjirou es el hijo mayor en una familia quien perdió a su padre. Un día, va de visita a otro pueblo para vender carbón, y termina quedándose a pasar la noche en la casa de un lugareño, ya que abunda el rumor de un demonio que ronda por las montañas por la noche. Cuando vuelve a casa al siguiente día, una tragedia lo estaba esperando.', 'Kimetsu no Yaiba', 24, 'Manga'),
	(23, 2024, 'Chino', 'http://localhost:8080/media/comic/comic-I_really_don\'t_want_to_learn_forbidden_spells-Manhua-2024.webp', 'Lo admito, debe haber un complemento para la transmigración. Pero, ¿de quién es el nuevo mago que sólo conoce los "hechizos prohibidos" de la serie oscura? ¡Soy un ser humano, no un monstruo! Olvídalo, el hechizo prohibido huele tan bien.\n\n', 'I really don\'t want to learn forbidden spells', 12, 'Manhua'),
	(24, 2024, 'Chino', 'http://localhost:8080/media/comic/comic-Top_Tier_Providence__Secretly_Cultivate_for_a_Thousand_Years-Manhua-2024.webp', 'Being reincarnated in a cultivation world, Han Jue realizes that he can live his life like a video game. He con reroll his cultivation potential and connate providence. In pursuit of longevity, Han Jue decides to cultivate in a low-profile manner. A thousand years later, generations of cultivators have become history. That is when the immortals start cleansing the mortal world. Han Jue can no longer hide and must do something about it. Then he realizes, immortals aren’t that powerful after all…', 'Top Tier Providence: Secretly Cultivate for a Thousand Years', 12, 'Manhua'),
	(25, 2012, 'Japonés', 'http://localhost:8080/media/comic/comic-One_Punch-Man_-Manga-2012.webp', 'La historia tiene lugar en una de las metrópolis de ficción de la Tierra, la Ciudad-Z. ¡Sigue la vida de un héroe promedio que gana todas sus peleas con un solo puño! Esto le causa un montón de frustración, ahora ya no siente la adrenalina y la emoción de una dura pelea. Tal vez ese riguroso entrenamiento para volverse fuerte no valió la pena. Después de todo, ¿qué tiene de bueno tener un poder tan aplastante?', 'One Punch-Man ', 24, 'Manga');

-- Volcando datos para la tabla jupiter.comic_autor: ~25 rows (aproximadamente)
INSERT INTO `comic_autor` (`id_comic`, `id_autor`) VALUES
	(1, 26),
	(2, 27),
	(3, 28),
	(4, 29),
	(5, 30),
	(6, 31),
	(7, 32),
	(8, 33),
	(9, 34),
	(10, 35),
	(11, 36),
	(12, 37),
	(13, 38),
	(14, 38),
	(15, 39),
	(16, 40),
	(17, 41),
	(18, 42),
	(19, 43),
	(20, 44),
	(21, 45),
	(22, 46),
	(23, 47),
	(24, 48),
	(25, 49);

-- Volcando datos para la tabla jupiter.comic_genero: ~141 rows (aproximadamente)
INSERT INTO `comic_genero` (`id_comic`, `id_genero`) VALUES
	(1, 3),
	(6, 3),
	(15, 3),
	(22, 3),
	(1, 4),
	(6, 4),
	(10, 4),
	(19, 4),
	(9, 5),
	(14, 5),
	(23, 5),
	(25, 5),
	(1, 6),
	(5, 6),
	(6, 6),
	(7, 6),
	(9, 6),
	(12, 6),
	(13, 6),
	(14, 6),
	(16, 6),
	(17, 6),
	(18, 6),
	(19, 6),
	(20, 6),
	(21, 6),
	(22, 6),
	(24, 6),
	(5, 8),
	(6, 8),
	(7, 8),
	(9, 8),
	(11, 8),
	(12, 8),
	(13, 8),
	(14, 8),
	(17, 8),
	(18, 8),
	(19, 8),
	(20, 8),
	(21, 8),
	(22, 8),
	(23, 8),
	(24, 8),
	(7, 9),
	(15, 9),
	(22, 10),
	(8, 15),
	(9, 15),
	(10, 15),
	(11, 15),
	(12, 15),
	(13, 15),
	(14, 15),
	(16, 15),
	(18, 15),
	(19, 15),
	(20, 15),
	(22, 15),
	(24, 15),
	(25, 15),
	(2, 20),
	(3, 20),
	(4, 20),
	(8, 22),
	(6, 24),
	(16, 24),
	(18, 24),
	(11, 25),
	(10, 28),
	(7, 29),
	(15, 29),
	(16, 37),
	(17, 37),
	(19, 37),
	(10, 42),
	(18, 42),
	(20, 42),
	(23, 42),
	(11, 45),
	(12, 45),
	(13, 45),
	(14, 45),
	(19, 45),
	(24, 45),
	(25, 45),
	(1, 46),
	(5, 46),
	(6, 46),
	(7, 46),
	(9, 46),
	(10, 46),
	(11, 46),
	(12, 46),
	(13, 46),
	(14, 46),
	(15, 46),
	(16, 46),
	(17, 46),
	(18, 46),
	(19, 46),
	(20, 46),
	(21, 46),
	(22, 46),
	(23, 46),
	(24, 46),
	(25, 46),
	(15, 47),
	(21, 47),
	(9, 48),
	(10, 48),
	(11, 48),
	(15, 48),
	(16, 48),
	(19, 48),
	(21, 48),
	(22, 48),
	(6, 49),
	(7, 49),
	(9, 49),
	(23, 49),
	(24, 49),
	(6, 52),
	(7, 52),
	(13, 52),
	(16, 52),
	(7, 53),
	(21, 53),
	(10, 55),
	(18, 55),
	(20, 55),
	(24, 55),
	(11, 56),
	(13, 56),
	(14, 56),
	(25, 56),
	(15, 57),
	(22, 57),
	(23, 57),
	(23, 58),
	(25, 59);

-- Volcando datos para la tabla jupiter.comic_seq: ~1 rows (aproximadamente)
INSERT INTO `comic_seq` (`next_val`) VALUES
	(26);

-- Volcando datos para la tabla jupiter.editorial: ~24 rows (aproximadamente)
INSERT INTO `editorial` (`id_editorial`, `nombre`) VALUES
	(1, 'Espasa'),
	(2, 'Alba Editorial'),
	(3, 'Puck'),
	(4, 'Harpercollins Pub.'),
	(5, 'Minotauro'),
	(6, 'Nova'),
	(7, 'Adn Editorial Grupo Anaya'),
	(8, 'La Biblioteca De Carfax'),
	(9, 'Editorial Edaf, S.L.'),
	(10, 'Salamandra Infantil y Juvenil'),
	(11, 'Umbriel'),
	(12, 'No tiene'),
	(13, 'Seven Seas'),
	(16, 'Young Animal'),
	(17, 'DC COMICS'),
	(18, 'Media Factory'),
	(19, 'Monthly Big Gangan'),
	(21, 'Hōbunsha'),
	(22, 'Kadokawa Shōten'),
	(23, 'D&C Media'),
	(24, 'Shūeisha'),
	(25, 'Fujimi Shobō'),
	(26, 'Naver Webtoon'),
	(27, 'Kodansha');

-- Volcando datos para la tabla jupiter.editorial_seq: ~1 rows (aproximadamente)
INSERT INTO `editorial_seq` (`next_val`) VALUES
	(14);

-- Volcando datos para la tabla jupiter.genero: ~58 rows (aproximadamente)
INSERT INTO `genero` (`id_genero`, `nombre`) VALUES
	(1, 'Narrativa'),
	(2, 'Suspenso'),
	(3, 'Drama'),
	(4, 'Romance'),
	(5, 'Ciencia Ficción'),
	(6, 'Fantasía'),
	(7, 'Detective'),
	(8, 'Aventura'),
	(9, 'Horror'),
	(10, 'Histórico'),
	(11, 'Biografía'),
	(12, 'Poesía'),
	(13, 'Ensayo'),
	(14, 'Humor'),
	(15, 'Comedia'),
	(16, 'Literatura Juvenil'),
	(17, 'Literatura Infantil'),
	(18, 'Realismo Mágico'),
	(19, 'Novela Gráfica'),
	(20, 'Superhéroes'),
	(21, 'Terror'),
	(22, 'Slice of Life'),
	(23, 'Western'),
	(24, 'Isekai'),
	(25, 'Misterio'),
	(26, 'Noir'),
	(27, 'Distópico'),
	(28, 'Apocalíptico'),
	(29, 'Gore'),
	(30, 'Psicológico'),
	(31, 'Política/Social'),
	(32, 'Deportes'),
	(33, 'Educativo'),
	(34, 'Militar/Guerra'),
	(35, 'Cyberpunk'),
	(36, 'Steampunk'),
	(37, 'Shōnen'),
	(38, 'Shōjo'),
	(39, 'Seinen'),
	(40, 'Josei'),
	(41, 'Historia y Ciencias Humanas'),
	(42, 'Magia'),
	(43, 'Manga'),
	(44, 'BL'),
	(45, 'Artes Marciales'),
	(46, 'Acción'),
	(47, 'Vida Escolar'),
	(48, 'Sobrenatural'),
	(49, 'Harem'),
	(50, 'Xuanhuan'),
	(51, 'Gender Bender'),
	(52, 'Ecchi'),
	(53, 'Tragedia'),
	(55, 'Reencarnación'),
	(56, 'Superpoderes'),
	(57, 'Demonio'),
	(58, 'Supervivencia'),
	(59, 'Parodia');

-- Volcando datos para la tabla jupiter.genero_seq: ~1 rows (aproximadamente)
INSERT INTO `genero_seq` (`next_val`) VALUES
	(60);

-- Volcando datos para la tabla jupiter.libro: ~25 rows (aproximadamente)
INSERT INTO `libro` (`id_libro`, `isbn`, `ano_publicacion`, `idioma`, `num_pag`, `portada`, `sinopsis`, `titulo`, `id_editorial`) VALUES
	(6, '9788467071726', 2024, 'Castellano', 464, 'http://localhost:8080/media/libro/libro-Castigo-2024-464.webp', 'Imagina lo peor que le puede pasar a un ser humano. Este thriller te llevará aún más allá. Y te traerá de vuelta, pero ya no serás la misma persona.\n\nTrepidante y adictivo, Castigo es la consagración de la reina del thriller en español.\n\nNines despierta una mañana esperando el regalo de cumpleaños de su hijo de seis años, pero lo que recibe es su oreja en una caja con un lazo. Comienza así una angustiosa búsqueda que conmociona a todo el país. Pronto se descubrirá que no es la primera muerte de un niño en esa familia, y que el caso está relacionado con la dolorosa y extraña actuación de seis jóvenes que acuden de público a un programa de televisión.\n\nEn ese escenario de dolor y desconcierto se reencuentran cuatro viejos amigos con muchas cuentas pendientes: Santi, un superdotado y asocial forense de día, travesti de noche, de métodos poco ortodoxos y genio impredecible; Berta, una periodista que tuvo que huir de España cuando su hermano fue acusado de unos crímenes terribles y que consiguió redimirse y recuperar el prestigio profesional; Iluminada, reportera audaz e incansable que acaba de recibir por fin el tan merecido como inesperado espaldarazo a su carrera. Y siempre al lado de Berta, Chiqui, el joven genio informático capaz de meterse en cualquier ordenador que se proponga.\n\nLos cuatro se sumergen en un complejo y desasosegante caso que destapa algunos de los recovecos más turbios del alma humana: celos, deseos insatisfechos, egos, maltrato infantil… y el ansia por ser amado. Una novela traspasada por el convencimiento de que sólo la verdad, el amor y la misericordia pueden aliviar el dolor, por inmenso que este sea. Un thriller que es más que un thriller, es una historia de seres humanos llevados al límite de sus emociones.\n\nEn Castigo, Carme Chaparro vuelve a demostrar su conocimiento y capacidad de narrar un crimen terrible, una investigación absolutamente profesional y los entresijos del mundo de los medios de comunicación. Todo ello de la mano de unos personajes que serán inolvidables porque han llegado para quedarse.', 'Castigo', 1),
	(7, '9788411780674', 2015, 'Castellano', 50, 'http://localhost:8080/media/libro/libro-Las%20sinsombrero%20y%20un%20nuevo%2027-2015-50.webp', 'Una generación de hombres y mujeres que se propusieron adelantar el reloj de España.\n\nEl 27. La generación del 27. Los poetas del 27. Cualquier lector sabe de qué poetas estamos hablando: Guillén, Lorca, Dámaso, Aleixandre... Pero ¿no hay algo artificioso en que entre la nómina de poetas que vivieron las mismas circunstancias históricas no se contemple ninguna de las poetas que entretanto se han ganado el reconocimiento como las Sinsombrero?\n\nPresentamos, en un solo libro, un nuevo 27 que, enriquecido por las savias antes despreciadas de las Sinsombrero, y articulado en torno a los tres grandes poetas de la época (Lorca, Aleixandre, Cernuda), incluye a un predecesor tan admirado como Juan Ramón Jiménez y a su discípulo más talentoso, Miguel Hernández. Un 27 vibrante, entusiasta, seductor, desafiante y vital. Un 27 como nunca se había leído antes.', 'Las sinsombrero y un nuevo 27', 2),
	(8, '9788419252883', 2024, 'Castellano', 424, 'http://localhost:8080/media/libro/libro-Asesino_de_brujas__la_bruja_blanca_-_edici%C3%B3n_limitada-2024-424.webp', 'EDICIÓN LIMITADA EN TAPA DURA DE UNO DE LOS ROMANTASY MÁS EXITOSOS DE LOS ÚLTIMOS AÑOS.Unidos como uno para amarse, para honrarse o para arder.\n\n\nEl enemies to lovers que ha cautivado a más de 400.000 lectores. \n\n\nEl romantasy del que todo el mundo habla. \n\n\nSumérgete en un mundo de mujeres poderosas, magia oscura, romances trepidantes...\n\n\n¿Qué precio estarías dispuesto a pagar por el amor verdadero? \n\n\nDos años atrás, Louise le Blanc huyó de su aquelarre y se refugió en la ciudad de Cesarine, donde renunció a la magia para vivir de lo que pudiera robar. Allí, cazan a brujas como Lou. Les temen. Y las queman.\n\n\n\nComo cazador de la Iglesia, Reid Diggory ha vivido su vida bajo una regla: «No permitirás que ninguna bruja viva». Pero cuando Lou realiza una gran artimaña, tanto ella como Reid se ven obligados a aceptar una situación impensada: el matrimonio.\n\n\nIncapaz de ignorar sus sentimientos, que son cada vez más fuertes, pero sin poder cambiar quién es, Lou debe elegir.\n\n\n«Repleta de todo lo que me encanta: una heroína chispeante y plenamente consagrada, un sistema de magia intrincado y mortífero, y un ardiente romance que me tuvo leyendo hasta bien entrada la noche».\n\n\n\nSARAH J. MAAS, autora de la saga Una corte de espinas y rosas.', 'Asesino de brujas: la bruja blanca - edición limitada', 3),
	(9, '9780008582494', 2024, 'Inglés', 424, 'http://localhost:8080/media/libro/libro-The_Scarlet_Veil_(Edici%C3%B3n_En_Ingl%C3%A9s)-2024-424.webp', 'A dark and thrilling vampire romance set in the world of the New York Times bestselling series Serpent & Dove!\n\nFull of everything I love: a sparkling and fully-realized heroine, an intricate and deadly system of magic, and a searing romance that kept me reading long into the night.\n\nSarah J Maas on Serpent & Dove\n\nSix months have passed since Célie took her sacred vows and joined the ranks of the Chasseurs as their first huntswoman. With her fiancé, Jean Luc, as captain, she is determined to find her foothold in her new role and help protect Belterra. But whispers from her past still haunt her, and a new evil is rising – leaving bodies in its wake, each one decorated with twin puncture wounds in its throat.\n\nNow Célie has a new reason to fear the dark because someone – something – is coming for her. And the closer he gets, the more tempted Célie feels to give in to his dark hungers – and her own. . .', 'The Scarlet Veil (Edición En Inglés)', 4),
	(10, '9788445014745', 2024, 'Castellano', 240, 'http://localhost:8080/media/libro/libro-Niebla_Roja-2024-240.webp', 'Un thriller escalofriante en el que siete desconocidos deberán emprender un viaje aterrador hacia lo desconocido.\n\nSiete desconocidos. Una misión. Un horror infinito.\n\n \nUn hombre despierta en un barco en el mar sin recuerdos de quién es o dónde está. No está solo: hay otras seis personas, cada una de ellas con habilidades únicas. Ninguna de ellas puede recordar su nombre. Todas tienen un arma.\n\n \nCuando aparece un mensaje en la computadora de a bordo ? «Avanzando al Punto A» - el grupo acuerda trabajar conjuntamente para sobrevivir a lo que sea que les espere.\n\n \nPero a medida que el barco se mueve a través de las aguas envueltas en niebla, comienzan a surgir divisiones. ¿Quién los dirige y con qué propósito?\n\n \n¿Por qué no pueden recordar nada?\n\n \n¿Y qué son los gritos que se oyen más allá de la niebla?', 'Niebla Roja', 5),
	(11, '9788445016930', 2024, 'Castellano', 356, 'http://localhost:8080/media/libro/libro-Gris-2024-356.webp', 'La nueva apuesta de Carlos Sisí (Los caminantes, Rojo).\n\nEl Doctor Chase Ward, el astrofísico más reputado de toda la comunidad científica, recibe una visita de una agencia del gobierno que precisa de su conocimiento para colaborar en un proyecto relacionado con su campo de investigación.\n\n\nMientras trabaja enfrentándose a un misterio palpable e inconmensurable que les hace plantearse numerosas preguntas sobre el Universo y la naturaleza del Hombre en él, la Humanidad asiste con estupefacción a la llegada de unas gigantescas naves extraterrestres que irrumpen, inesperadamente, en la atmósfera terrestre, con todo tipo de consecuencias.\n\n\nGRIS es una dura reflexión sobre cómo la llegada de una especie alienígena a nuestro planeta, en este día y siglo, impactaría sociológicamente en nuestro devenir vital.', 'Gris', 5),
	(12, '9788419260475', 2015, 'Castellano', 464, 'http://localhost:8080/media/libro/libro-El_Problema_De_Los_Tres_Cuerpos_(Edici%C3%B3n_Ilustrada)_(Trilog%C3%ADa_De_Los_Tres_Cuerpos)-2015-464.webp', 'La edición ilustrada del gran fenómeno de la ciencia ficción que ha conquistado el mundo, con 6 ilustraciones a color del artista Marc Simonetti.\n\n  \nMás de treinta millones de lectores en todo el mundo. Premio Hugo 2015 a la mejor novela.\n\n \nEl problema de los tres cuerpos es la clave de todo: de la muerte de varios científicos, de una conspiración que abarca años luz y de la amenaza de la extinción de la humanidad.\n\nEl público y la crítica de los cinco continentes se rinden a la obra cumbre de la ciencia ficción del siglo XXI, enormemente visionaria, sobre el papel de la ciencia en nuestras sociedades y las claves geopolíticas del mundo en que vivimos.\n\n \n" Increíblemente imaginativo".\nBARACK OBAMA\n\n \n" Un descubrimiento único".\nGEORGE R. R. MARTIN', 'El Problema De Los Tres Cuerpos (Edición Ilustrada) (Trilogía De Los Tres Cuerpos)', 6),
	(13, '9788410138407', 2020, 'Castellano', 420, 'http://localhost:8080/media/libro/libro-La_Biblioteca_De_La_Medianoche_(Bolsillo)-2020-2020%20.webp', 'PREMIO GOODREADS 2020 A LA MEJOR OBRA DE FICCIÓN.\n\n«Entre \nla vida y la muerte hay una biblioteca. Y los estantes de esa biblioteca\n son infinitos. Cada libro da la oportunidad de probar otra vida que \npodrías haber vivido y de comprobar cómo habrían ', 'La Biblioteca De La Medianoche (Bolsillo)', 7),
	(14, '9788445014783', 2024, 'Castellano', 320, 'http://localhost:8080/media/libro/libro-Outpost_N%C2%BA_02-2024-320.webp', 'Llega la segunda part\n\nProtegido por puestos defensivos y tropas cosacas, se alza el Moscú milenario. Dentro de los tres anillos de defensa (y detrás de los muros del Kremlin) se alza su imponente palacio. Allí, Su Majestad el Emperador premia a lo mejor de lo mejor, a los más valientes entre los valientes, la flor del cuerpo de oficiales, el apoyo y la esperanza del imperio, con una misión. Tendrán que abandonar la capital, decorada festivamente para el día del Arcángel Miguel, e ir a las tierras oscuras que una vez pertenecieron a la gran Rusia, para resolver un misterio.\n\n \nDe camino a su destino destino más allá del Volga y detrás del impenetrable velo de niebla, el interrogante penderá sobre las tropas cosacas: ¿dónde desaparecieron todos los exploradores y por qué los puestos fronterizos guardaron silencio al respecto?', 'Outpost Nº 02', 5),
	(15, '8412564081', 2024, 'Castellano', 224, 'http://localhost:8080/media/libro/libro-El_%C3%BAltimo_ramo_de_flores_y_otras_historias_(LA_BIBLIOTECA_DE_CARFAX)-2024-224%20.webp', 'Los relatos incluidos en este volumen son:\n\nAzecutas: dos señores se ven sorprendidos por una tormenta y buscan refugio en la casa de una campesina. Allí encuentran que la mujer acoge el cadáver de un señor rival que acaba de fallecer. Los dos cretinos idean una broma que no saldrá nada bien, sobre todo, para la mujer de uno de ellos.El ama de llaves: El señor Sekforde se encuentra entre la espada y la pared. Está arruinado y pronto los acreedores reclamarán el pago de sus deudas. Su segundo matrimonio, con el que pensaba resolver su situación económica, ha resultado un fracaso. Detesta a su nueva esposa y unos extraños sucesos en su casa le hacen recordar vívidamente lo bien que lo atendía su primera esposa y ama de llaves, ya fallecida.La casa junto al campo de amapolas: John Maitland llega a Bothal tras recibir la propiedad como herencia. Allí, en una casa que rezuma melancolía y soledad, rodeada por un campo de amapola en plena floración, se reencontrará consigo mismo y con sus antepasados.El útlimo ramo de flores: Kezia Faunce y madame Lesarge no podrían ser dos mujeres más diferentes, y sin embargo, son hermanas gemelas. Después de años sin verse, cuando se reencuentran, no pueden evitar escupirse todo el odio y las recriminaciones guardadas. Sus vidas has sido tan diferentes que les cuesta entender el hilo que las conectará hasta la muerte.Las dos y media: Hoby debe pasar la noche en su despacho. Al llegar, descubre que su vecino se ha colado en sus habitaciones porque no quiere encontrarse con alguien que vendrá por él a las dos y media. Pero algunas citas no se pueden esquivar.El Obispo del Infierno: Héctor Geatrix es apodado por su camarilla como el Obispo del Infierno. Su vida disipada y llena de maldades y conquistas femeninas da un giro cuando se ve heredero de la fortuna familiar. Sin embargo, las maldades cometidas tiene un precio muy alto.La avería: Es Nochebuena, pero el tren se avería y Murdoch decide llegar a casa de su amigo a pie. En el camino, se encontrará con La posada de los deseos, ¿se harán realidad los suyos?La seda raída: El señor Orford va a volver a casarse, después de un largo luto, con una joven del vecindario, la señorita Minden. La joven se verá sometida en las semanas previas a la boda a una serie de situaciones en relación con la anterior esposa de Humphrey Orford que la llevarán a descubrir y resolver un trágico suceso.', 'El último ramo de flores y otras historias (LA BIBLIOTECA DE CARFAX)', 8),
	(16, '9788441435018', 2015, 'Castellano', 300, 'http://localhost:8080/media/libro/libro-El_Necronomicon-2015-300.webp', '«Este es el testimonio de todo lo que he visto, y todo lo que he aprendido. Porque este es el Libro de los Muertos, el Libro de la oscuridad, que he escrito arriesgando mi vida.» El mismo H.P. Lovecraft negó la existencia del libro, pero el horror del Necronomicón finalmente ha visto la luz. Escrito en el siglo octavo en Damasco por el árabe loco Abdul Alhazred, está repleto de mitos y rituales que han sobrevivido a los más oscuros días de magia y ocultismo , fórmulas largo tiempo perdidas para evocar cosas increíbles, seres y monstruos-. Su editor, Simon, tuvo que superar enormes obstáculos en su osado esfuerzo de iluminar ese, el más famoso, el más poderoso y potencialmente el más peligroso Libro Negro conocido en el mundo occidental. Este volumen incluye un apéndice con las invocaciones y citas literales que aparecen en la obra de H.P. Lovecraft. «Que los secretos de los eones sean liberados. La ublicación del Necronomicón bien puede constituir un ito en la liberación del espíritu humano.» William S. Burroughs', 'El Necronomicon', 9),
	(17, '9788418174070', 2020, 'Castellano', 368, 'http://localhost:8080/media/libro/libro-Harry_Potter_Y_La_Piedra_Filosofal_(Ed._Minalima)_(Harry_Potter_1_)-2020-368%20.webp', 'Instalado en casa de la horrible familia Dursley, en el número 4 de  Privet Drive, donde duerme en una alacena bajo la escalera y a los once años nunca ha celebrado su cumpleaños, la magia es algo totalmente desconocido para Harry Potter.\n\n \nPero el día que un búho misterioso deja una carta con una invitación al  Colegio Hogwarts de Magia y Hechicería, su vida da un vuelco para siempre. Allí, en ese lugar insólito y asombroso, Harry no sólo hará amigos entrañables y conocerá un deporte que los alumnos   practican volando montados en escobas, sino que tambien descubrirá que  la magia está en todas partes y, tal vez lo más importante,  que el destino ha dispuesto para el un futuro maravilloso... siempre que sobreviva al terrible obstáculo que se interpone en su camino.\n\n \nCon ilustraciones a todo color y originales sorpresas interactivas, esta  magnífica edición del primer libro de la saga de Harry Potter, obra del prestigioso estudio MinaLima, cautivará a lectores de todas las edades.', 'Harry Potter Y La Piedra Filosofal (Ed. Minalima) (Harry Potter 1 )', 10),
	(18, '9788418637018', 2021, 'Castellano', 400, 'http://localhost:8080/media/libro/libro-Harry_Potter_Y_La_Camara_Secreta_(Ed._Minalima)-2021-400.webp', 'Dejate deslumbrar por esta maravillosa edición especial de Harry Potter y la cámara secreta, diseñado e ilustrado por el  prestigioso estudio MinaLima, responsable del diseño gráfico de las películas de la saga "Harry Potter" y de  Animales fantásticos.\n\n \nEn esta edición especial de Harry Potter y la cámara secreta, el  texto completo e íntegro de la obra original de J.K. Rowling  va  acompañado por más de 150 hermosas ilustraciones a todo color, un diseño  exquisito y varias sorpresas interactivas de ingeniería en papel, obra del celebre estudio MinaLima.\n\n \nLos lectores descubrirán una nueva forma de viajar a traves de la Red  Flu, de enfrentarse al Sauce Boxeador, de encontrar la escalera de  caracol que conduce hasta el despacho de Dumbledore, o de trasplantar mandrágoras.\n\n \nEl regalo perfecto para los fans de "Harry Potter".\nUn tesoro para la estantería de cualquier coleccionista.\nUna joya con la que disfrutarán lectores de todas las edades.', 'Harry Potter Y La Camara Secreta (Ed. Minalima)', 10),
	(19, '9788419275202', 2023, 'Castellano', 480, 'http://localhost:8080/media/libro/libro-Harry_Potter_Y_El_Prisionero_De_Azkaban_(Ed._Minalima)_(Harry_Potter_%5Bedicion_Minalima%5D_3)-2023-480.webp', 'Sumergete en esta magnífica edición especial de Harry Potter y el prisionero de Azkaban, obra del prestigioso estudio MinaLima, responsable del diseño gráfico de las películas de la saga "Harry Potter" y de Animales fantásticos.\n\n \nEn esta edición especial de Harry Potter y el prisionero de Azkaban, el texto completo e íntegro de la obra original de J.K. Rowling va acompañado de preciosas ilustraciones a todo color en casi todas las páginas, un diseño excelente y varias sorpresas interactivas de ingeniería en papel, obra del celebre estudio MinaLima.\n\n¡Una nueva forma de vivir la magia del autobús noctámbulo, cabalgar sobre el hipogrifo Buckbeak y descubrir el Mapa del Merodeador!\n\n \n*El regalo perfecto para los fans de "Harry Potter".\n\n \n*Un tesoro para la estantería de cualquier coleccionista.\n\n*Una joya con sorpresas interactivas que disfrutarán lectores de todas las edades.', 'Harry Potter Y El Prisionero De Azkaban (Ed. Minalima) (Harry Potter [edicion Minalima] 3)', 10),
	(20, '9788419030771', 2024, 'Castellano', 512, 'http://localhost:8080/media/libro/libro-La_Guerra_De_Los_Huracanes-2024-512.webp', 'Dos enemigos.\n\nUna alianza imposible.\n\nUn amor que podría salvar su mundo...o destruirlo.\n\nLa sombra del Imperio de la Noche se extiende a lo largo del Continente y nada es capaz de contrarrestar su poderío. Con cada año que pasa, la Guerra de los Huracanes resulta más devastadora. Y, pese a todo, una esperanza se alza en la oscuridad.\n\nUna luz solitaria que planta cara al imperio.\n\nNo te quedes sin leer una de las fantasías epicas y romántica más impactantes de los últimos tiempos.\n\n"Recuerda mis palabras: La Guerra de los Huracanes es una de esas novelas que te cambia la vida". -Ali Hazelwood, autora de La hipótesis del amor', 'La Guerra De Los Huracanes', 11),
	(21, NULL, 2020, 'Castellano', 234, 'http://localhost:8080/media/libro/libro-Norte_oscuro-2020-234%20.webp', 'Primer libro de legado de los angeles : Darknort. Los demonios, los angeles caídos y los dioses vagan por la tierra. Mientras que el destino del mundo descansa sobre jóvenes bendecidos por los angeles. Y el próximo ángel de la muerte.', 'Norte oscuro', 12),
	(22, '9781648279195', 2021, 'Inglés', 396, 'http://localhost:8080/media/libro/libro-Grandmaster_of_Demonic_Cultivation__Mo_Dao_Zu_Shi_(Novel)_Vol._1-2021-396%20.webp', 'Wei Wuxian was once one of the most powerful men of his generation, a talented and clever young cultivator who harnessed martial arts and spirituality into powerful abilities. But when the horrors of war led him to seek more power through demonic cultivation, the world\'s respect for his abilities turned to fear, and his death was celebrated throughout the land.\n\nYears later, he awakens in the body of an aggrieved young man who sacrifices his soul so that Wei Wuxian can exact revenge on his behalf. Though granted a second life, Wei Wuxian is not free from his first, nor the mysteries that appear before him now. Yet this time, he\'ll face it all with the righteous and esteemed Lan Wangji at his side, another powerful cultivator whose unwavering dedication and shared memories of their past will help shine a light on the dark truths that surround them.', 'Grandmaster Of Demonic Cultivation: Mo Dao Zu Shi (Novel) Vol. 1 (Grandmaster Of Demonic Cultivation: Mo Dao Zu Shi) (Edición En Inglés)', 13),
	(23, NULL, 2017, ' Chino', 0, 'http://localhost:8080/media/libro/libro-%E5%A4%A7%E7%8E%8B%E9%A5%B6%E5%91%BD_(Spare_Me,_Great_Lord!)-2017-0.webp', 'This is the story of an orphan, Lu Shu. He is not any regular orphan, but a metahuman experiencing the changes in himself, his country and the world during the dawn of the magical era. Watch as Lu Shu embarks on a journey to hone his peculiar abilities together with his sister, the adorable and charismatic Lu Xiaoyu. Along the way, they’ll encounter supernatural events, obstacles and even the most powerful people in their country. How will Lu Shu make the best of his abilities and oust his never-ending list of rivals and opponents?', '大王饶命 (Spare Me, Great Lord!)', 12),
	(24, NULL, 2023, 'Coreano', 0, 'http://localhost:8080/media/libro/libro-%EA%B2%8C%EC%9E%84_%EC%86%8D_1%EC%B4%88_%EB%AC%B4%EC%A0%81%EC%9E%90_(1_Second_Invincibility_in_the_Game)-2023-0.webp', 'I found myself possessing the body of a young master who everyone was eager to kill. I’m invincible, so let them try to kill me. It’s only for one second, though.\n\n', '게임 속 1초 무적자 (1 Second Invincibility in the Game)', 12),
	(25, NULL, 2017, 'Chino', 0, 'http://localhost:8080/media/libro/libro-%E9%92%BB%E7%9F%B3%E7%8E%8B%E7%89%8C%E4%B9%8B%E6%8A%95%E6%89%8B%E5%BD%92%E6%9D%A5_(Ace_of_Diamond__Return_of_the_Pitcher)-2017-0.webp', 'Sawamura Eijun, a Relief Pitcher in the Pro League after 10 years of hard work and still couldn’t achieve his dreams, woke up back at the time of his youth. Can he achieve his dreams this time?\n\n', '钻石王牌之投手归来 (Ace of Diamond: Return of the Pitcher)', 12),
	(28, NULL, 2019, 'Japonés', 0, 'http://localhost:8080/media/libro/libro-After_Being_Exiled_From_the_Country,_I_Became_the_Fourth_Enchanter_in_the_World!-2019-0.webp', 'Saito Jinkuro, a bachelor who grew up in an orphanage, was unluckily run over by a truck on his way home for Hello Work. When he woke up, he was reincarnated as Jink, the eldest son of Duke Nonland.\n\nReborn as the eldest son, he was in a position to inherit the duke family in the future…. But because he was an incompetent dropout, he was falsely accused, disinherited, and exiled from the country.\n\nWhen he decided to overcome this situation, he suddenly felt something was out of place.\n\n「Huh? Why can I see something like a game status?」\n\nWhen he realizes that he has an unparalleled talent for sword and magic, and has a super rare skill that only 3 people in the world possess, he rises from the bottom as an adventurer and lives a happy life with his friends.\nAlso, his great influence, politically and economically, will reach the people of his homeland, who have wronged him for unreasonable reasons….', 'After Being Exiled From the Country, I Became the Fourth Enchanter in the World!', 12),
	(29, NULL, 2016, 'Chino', 0, 'http://localhost:8080/media/libro/libro-%E5%9C%A8%E7%BB%BC%E8%89%BA%E4%B8%8A%E6%91%86%E7%83%82%E5%90%8E%EF%BC%8C%E6%88%91%E5%8F%8D%E8%80%8C%E6%88%90%E4%BA%86%E5%B7%A8%E6%98%9F(After_Failing_on_Variety_Shows,_I_Became_a_Superstar)-2016-0.webp', 'In his previous life, Zhou Chen worked too hard in his career and burned out at the age of forty. Although he amassed a fortune of over a hundred million and married a goddess, he ended up becoming someone else’s possession after his demise. Reborn in a new life, he vows not to let himself…\n\n', '在综艺上摆烂后，我反而成了巨星(After Failing on Variety Shows, I Became a Superstar)', 12),
	(30, NULL, 2015, 'Chino', 0, 'http://localhost:8080/media/libro/libro-%E5%8F%98%E8%BA%AB%E4%B9%8B%E5%90%8E%E6%88%91%E4%B8%8E%E5%A5%B9%E7%9A%84%E7%8B%82%E6%83%B3%E6%9B%B2_(After_Transformation,_Mine_and_Her_Wild_Fantasy)-2015-0.webp', 'When other people experience a body transformation, it is inevitably either male to female or female to male.\n\nMe? I wake up to find myself transformed into two different bodies.\n\nBoth a male body and a female body, one conscience operating two bodies, all sorts of embarrassing moments.\n\nWalking together normally makes other people think that I am sweethearts with my other-self, such sadness.\n\nAlso, the entire business of a hero rescuing the beautiful maiden, I call Bull.\n\nI get slashed by a sword and my female body gets abducted, and he wants me to thank him?!?! Can it be less of a tragedy?', '变身之后我与她的狂想曲 (After Transformation, Mine and Her Wild Fantasy)', 12),
	(31, NULL, 2023, 'Coreano', 0, 'http://localhost:8080/media/libro/libro-%EC%8A%AC%EB%9D%BC%EC%9E%84_%ED%95%A9%EC%84%B1%EC%9C%BC%EB%A1%9C_%EB%A7%8C%EB%8A%A5_%EB%86%8D%EC%82%AC%EA%BE%BC_(All-Round_Farmer_With_Slime_Synthesis)-2023-0.webp', 'In an era where the coexistence of Awakened beings, and dungeons became commonplace, Lee Kyu-seong, a perennially low-tier Awakened, finds his life transformed by a second awakening and the unexpected appearance of a slime.\n\n', '슬라임 합성으로 만능 농사꾼 (All-Round Farmer With Slime Synthesis)', 12),
	(32, NULL, 2019, 'Coreano', 0, 'http://localhost:8080/media/libro/libro-%ED%97%8C%ED%84%B0%EC%84%B8%EC%83%81%EC%9D%98_%EC%A0%95%EC%9B%90%EC%82%AC_(The_Gardener_in_a_Hunter_World)-2019-0.webp', 'When hunters enter the dungeon, I fall into a dream.\n\n', '헌터세상의 정원사 (The Gardener in a Hunter World)', 12);

-- Volcando datos para la tabla jupiter.libro_autor: ~26 rows (aproximadamente)
INSERT INTO `libro_autor` (`id_libro`, `id_autor`) VALUES
	(6, 1),
	(7, 2),
	(7, 3),
	(8, 4),
	(9, 4),
	(10, 5),
	(11, 6),
	(12, 7),
	(13, 8),
	(14, 9),
	(15, 10),
	(16, 13),
	(18, 13),
	(19, 13),
	(17, 14),
	(20, 15),
	(21, 16),
	(22, 17),
	(23, 18),
	(24, 19),
	(25, 20),
	(28, 21),
	(29, 22),
	(30, 23),
	(31, 24),
	(32, 25);

-- Volcando datos para la tabla jupiter.libro_genero: ~75 rows (aproximadamente)
INSERT INTO `libro_genero` (`id_libro`, `id_genero`) VALUES
	(6, 1),
	(20, 1),
	(31, 3),
	(29, 4),
	(30, 4),
	(10, 5),
	(11, 5),
	(12, 5),
	(13, 5),
	(14, 5),
	(8, 6),
	(17, 6),
	(18, 6),
	(19, 6),
	(20, 6),
	(21, 6),
	(24, 6),
	(25, 6),
	(28, 6),
	(30, 6),
	(31, 6),
	(32, 6),
	(23, 8),
	(24, 8),
	(28, 8),
	(29, 8),
	(30, 8),
	(31, 8),
	(32, 8),
	(15, 9),
	(16, 9),
	(7, 12),
	(23, 15),
	(24, 15),
	(25, 15),
	(28, 15),
	(29, 15),
	(31, 15),
	(15, 16),
	(20, 16),
	(9, 21),
	(15, 21),
	(16, 21),
	(25, 22),
	(31, 22),
	(32, 22),
	(9, 25),
	(21, 25),
	(25, 32),
	(21, 34),
	(30, 37),
	(6, 41),
	(8, 42),
	(17, 42),
	(18, 42),
	(19, 42),
	(21, 42),
	(22, 43),
	(22, 44),
	(23, 45),
	(23, 46),
	(24, 46),
	(28, 46),
	(30, 46),
	(31, 46),
	(32, 46),
	(23, 47),
	(23, 48),
	(24, 48),
	(31, 48),
	(29, 49),
	(30, 49),
	(30, 50),
	(30, 51),
	(30, 52);

-- Volcando datos para la tabla jupiter.libro_seq: ~1 rows (aproximadamente)
INSERT INTO `libro_seq` (`next_val`) VALUES
	(33);

-- Volcando datos para la tabla jupiter.pedido: ~1 rows (aproximadamente)
INSERT INTO `pedido` (`id_pedido`, `estado`, `fecha`, `precio`, `id_comprador`, `id_producto`, `id_vendedor`) VALUES
	(1, 'Pediente', '2024-06-13 13:43:32.540000', 10, 4, 2, 2);

-- Volcando datos para la tabla jupiter.pedido_seq: ~1 rows (aproximadamente)
INSERT INTO `pedido_seq` (`next_val`) VALUES
	(2);

-- Volcando datos para la tabla jupiter.producto: ~16 rows (aproximadamente)
INSERT INTO `producto` (`id_producto`, `descripcion`, `imagen`, `precio`, `id_usuario`, `comprado`, `nombre`) VALUES
	(1, 'Perfecto estado. Compra reciente con solo una lectura.', 'http://localhost:8080/media/producto/producto-El_buen_ciudadano___Andr%C3%A9s_Mag%C3%A1n-2-9.webp', 9, 2, b'0', 'El buen ciudadano / Andrés Magán'),
	(2, 'Tienen su tiempo pero están en muy buen estado de conservación, tal como se ve en las fotos. ', 'http://localhost:8080/media/producto/producto-Los_muertos_vivientes_(Pack__vol%C3%BAmenes_1,_2_y_3).-2-10.webp', 10, 2, b'1', 'Los muertos vivientes (Pack: volúmenes 1, 2 y 3).'),
	(3, 'Tiene su tiempo pero están en muy buen estado de conservación, tal como se ve en las fotos. ', 'http://localhost:8080/media/producto/producto-Soul_eater_-_Tomo_1_(Manga)-2-6.webp', 6, 2, b'0', 'Soul eater - Tomo 1 (Manga)'),
	(4, 'Sin usar. Perfecto estado.', 'http://localhost:8080/media/producto/producto-Villano_Escoria_1_(Ed._Especial)-3-15.webp', 15, 3, b'0', 'Villano Escoria 1 (Ed. Especial)'),
	(5, 'Sin usar. Perfecto estado.\n', 'http://localhost:8080/media/producto/producto-El_gran_maestro_de_la_cultivaci%C3%B3n_1_(Ed._Especial)-3-15.webp', 15, 3, b'0', 'El gran maestro de la cultivación 1 (Ed. Especial)'),
	(6, 'Libro en perfecto estado de antropologo Yuval Noah Harari.\n', 'http://localhost:8080/media/producto/producto-Sapiens._De_animales_a_dioses-3-8.webp', 8, 3, b'0', 'Sapiens. De animales a dioses'),
	(7, 'Libro de perfumeria y cosmetica natural.\nEsta en muy buen estado y sin subrayar, lo unico que tiene es alguna cosa escrita en lapiz pero son 3 cosas contadas.\n', 'http://localhost:8080/media/producto/producto-Libro_Perfumeria_y_cosmetica_natural-3-20.webp', 20, 3, b'0', 'Libro Perfumeria y cosmetica natural'),
	(8, 'Usado solo un curso y en perfecto estado. Ahorrate entre 10 y 15 euros.\n', 'http://localhost:8080/media/producto/producto-Libro_fisica_y_quimica_1bach-3-2.webp', 25, 3, b'0', 'Libro fisica y quimica 1bach'),
	(9, 'COMIC USA X-MEN #7 (1963) (KIRBY)\n', 'http://localhost:8080/media/producto/producto-COMIC_USA_X-MEN_%237_(1963)_(KIRBY)-4-300.webp', 300, 4, b'0', 'COMIC USA X-MEN #7 (1963) (KIRBY)'),
	(10, 'libro en perfecto estado\n4º de la coleccion', 'http://localhost:8080/media/producto/producto-Libro_harry_potter_el_caliz_de_fuego-4-7.5.webp', 7.5, 4, b'0', 'Libro harry potter el caliz de fuego'),
	(11, 'Novela juvenil de misterio en tapa blanda y perfecto estado.', 'http://localhost:8080/media/producto/producto-El_Campamento-4-9.5.webp', 9.5, 4, b'0', 'El Campamento'),
	(12, '¿Quién mato a Harry? Diez escritores resuelven un enigma. Coordinación de Elena Butragueño y Javier Goñi. 190 págs. 16x23 cm\n', 'http://localhost:8080/media/producto/producto-_Qui%C3%A9n_mato_a_Harry_-4-4.webp', 4, 4, b'0', '¿Quién mato a Harry?'),
	(13, 'con algun defecto, tiene años\n', 'http://localhost:8080/media/producto/producto-Libro_minecraft_guia-4-7.webp', 7, 4, b'0', 'Libro minecraft guia'),
	(14, '-Libro de Física de 2° de Bachillerato\n-ISBN: 978-84-675-8721-0\n-Con esquinas de la tapa algo dobladas pero en muy buen estado, tiene en las hojas una marca ', 'http://localhost:8080/media/producto/producto-F%C3%ADsica_-_2%C2%B0_Bachillerato-4-0.webp', 25, 4, b'0', 'Física - 2° Bachillerato'),
	(15, 'MATEMATICAS I BACHILLERATO ANAYA INDICE: RESOLUCION DE PROBLEMAS... pagina 8 hasta la 166 -> 9 788467826883\n', 'http://localhost:8080/media/producto/producto-MATEMATICAS_I_BACHILLERATO_ANAYA-4-7.99.webp', 7.99, 4, b'0', 'MATEMATICAS I BACHILLERATO ANAYA'),
	(16, 'Libro sin apenas uso durante el curso. Algunas páginas subrayadas o con anotaciones.  ISBN: 9788467587227', 'http://localhost:8080/media/producto/producto-Libro_QU%C3%8DMICA_2%C2%BA_BACH_SM-4-30.webp', 30, 4, b'0', 'Libro QUÍMICA 2º BACH SM');

-- Volcando datos para la tabla jupiter.producto_seq: ~1 rows (aproximadamente)
INSERT INTO `producto_seq` (`next_val`) VALUES
	(17);

-- Volcando datos para la tabla jupiter.resena: ~10 rows (aproximadamente)
INSERT INTO `resena` (`id_resena`, `calificacion`, `texto`, `id_comic`, `id_libro`, `id_usuario`) VALUES
	(1, 5, 'Me ha encantado,cada vez más entretenida y siempre te deja un buen sabor. Esperando la próxima\n\n', NULL, 6, 1),
	(2, 5, 'Es como estar viendo una película. Tremendamente entretenido y adictivo\n\n', NULL, 6, 2),
	(3, 5, 'No me gustó el libro', NULL, 6, 4),
	(4, 5, 'Me engancho desde el principio, el final de 10.\n\n', NULL, 6, 3),
	(5, 5, 'Una lectura amena, y muy envolvente. Me enganché a leerla desde el primer momento.\nYo me lo compré para kindle, pero ahora me han comprado la trilogía en físico, y estoy deseando que me llegue para empezar el segundo; muy recomendable.', NULL, 8, 3),
	(7, 5, 'Comencé esta trilogía a ciegas, sin leer la sinopsis, con algo de miedo y sin saber qué esperar. No había pasado del capítulo 5 cuando ya estaba totalmente enganchada y desesperada por saber qué nos había preparado Shelby.\n\n\nUna historia de fantasía en la que descubriremos brujas con dos tipos de magia; cazadores que, como su propio nombre indica, se dedican a dar caza a estas brujas y otros personajes que la completan y le dan mayor dinamismo.\nRomance, protección, amistad, lealtad, traición, secretos, dolor…\nUna narración súper fluida, muy detallada pero nada cargante, que nos permite imaginar con todo lujo de detalles ese mundo que solo existe en la mente de su creadora.\nMachismo y patriarcado, dada la época en la que se narra.\n\n\n📝Narrado en primera persona.\n📝A dos voces: Lou y Reid\n📝Capítulos cortos.\n📝Dividido en tres partes.\n📝Personajes con una personalidad brutal como Lou y Coco', NULL, 8, 4),
	(8, 5, 't\'s a great book. I was not sure how this book was going to play out. I loved seeing Batman/Bruce getting basics putting the fear back into criminals I think in the recent Batman book\'s criminals have gotten too used to Batman\'s methods.\n\nBatman wakes up bruised and broken physically and mentally and if he beloved if spiritually. He finds himself in a Gotham without Batman or a Bruce Wayne. Can Batman rise again. Also, Tim and the Bat-family have not given up on him either.\n\nI love the Multiverse cameos. Great artwork and lots of action. I also find the changes in Batman interesting. I really want to see where the story goes next.', 2, NULL, 3),
	(9, 5, 'Recomendadisimo, es un Romeo y Julieta con espadas y magia. \n\n', 1, NULL, 3),
	(10, 4, 'I bought this book because I heard it was very good, and after reading I think its not as good as people say it is. The book itself is very good, the edition is clean, its pretty big and it has some illustrations at the last pages. Definetly would recommend it to anyone who likes the Joker.\n', 4, NULL, 3),
	(11, 5, 'Excelente aproximación a la historia de Joker con el sello de Moore. Imprescindible para amantes del cómic\n', 4, NULL, 4);

-- Volcando datos para la tabla jupiter.resena_seq: ~1 rows (aproximadamente)
INSERT INTO `resena_seq` (`next_val`) VALUES
	(12);

-- Volcando datos para la tabla jupiter.usuario: ~5 rows (aproximadamente)
INSERT INTO `usuario` (`id_usuario`, `contrasena`, `correo`, `imagen`, `nombre`, `direccion`, `rol`) VALUES
	(1, 'admin', 'admin@a.es', 'http://localhost:8080/media/usuario/usuario-admin-admin@a.es.webp', 'admin', 'SDasd', 'admin'),
	(2, 'vesubio123', 'vesubio123@gmail.com', 'http://localhost:8080/media/usuario/usuario-Vesubio-vesubio123@gmail.com.webp', 'Vesubio', 'C/La val, P1C, 28014, Madrid', 'usuario'),
	(3, 'xavierx6749', 'xavierx6749@gmail.com', 'http://localhost:8080/media/usuario/usuario-xavierx6749-xavierx6749@gmail.com.webp', 'xavierx6749', NULL, 'usuario'),
	(4, 'limon', 'limon123@gmail.com', 'http://localhost:8080/media/usuario/usuario-Limon-limon123@gmail.com.webp', 'Limon', NULL, 'usuario'),
	(5, 'beru123', 'beru123@gmail.com', 'http://localhost:8080/media/default-perfil.webp', 'Beru123', NULL, 'usuario');

-- Volcando datos para la tabla jupiter.usuario_seq: ~1 rows (aproximadamente)
INSERT INTO `usuario_seq` (`next_val`) VALUES
	(7);

/*!40103 SET TIME_ZONE=IFNULL(@OLD_TIME_ZONE, 'system') */;
/*!40101 SET SQL_MODE=IFNULL(@OLD_SQL_MODE, '') */;
/*!40014 SET FOREIGN_KEY_CHECKS=IFNULL(@OLD_FOREIGN_KEY_CHECKS, 1) */;
/*!40101 SET CHARACTER_SET_CLIENT=@OLD_CHARACTER_SET_CLIENT */;
/*!40111 SET SQL_NOTES=IFNULL(@OLD_SQL_NOTES, 1) */;
